City_ID,City,Lat,Lng,Max Temp,Humidity,Cloudiness,Wind Speed,Country,Date
0,Yeppoon,-23.1333,150.7333,67.78,80,99,14.03,AU,2022-04-26 19:03:17
1,Iqaluit,63.7506,-68.5145,5.7,55,39,11.01,CA,2022-04-26 19:03:17
2,Tuktoyaktuk,69.4541,-133.0374,28.6,90,100,3.89,CA,2022-04-26 19:03:17
3,Punta Arenas,-53.15,-70.9167,42.12,60,54,8.39,CL,2022-04-26 19:02:40
4,Pompeu,-19.2244,-44.9353,82.71,39,69,3.18,BR,2022-04-26 19:02:09
5,Hambantota,6.1241,81.1185,80.94,100,83,2.3,LK,2022-04-26 19:03:18
6,Jamestown,42.097,-79.2353,46.02,56,100,13.8,US,2022-04-26 19:03:19
7,Busselton,-33.65,115.3333,56.64,87,87,1.5,AU,2022-04-26 19:00:43
8,Mataura,-46.1927,168.8643,51.48,99,79,2.59,NZ,2022-04-26 19:03:19
9,New Norfolk,-42.7826,147.0587,49.71,89,100,1.9,AU,2022-04-26 19:03:20
10,Biloxi,30.396,-88.8853,80.6,90,100,11.36,US,2022-04-26 18:58:55
11,Geraldton,-28.7667,114.6,61.21,82,35,11.5,AU,2022-04-26 19:02:35
12,Mar Del Plata,-38.0023,-57.5575,67.87,89,100,14.0,AR,2022-04-26 19:03:21
13,Castro,-24.7911,-50.0119,77.34,64,26,4.99,BR,2022-04-26 19:03:21
14,Albany,42.6001,-73.9662,53.38,85,100,1.86,US,2022-04-26 19:00:22
15,Hilo,19.7297,-155.09,77.29,95,44,1.01,US,2022-04-26 18:58:50
16,Puerto Ayora,-0.7393,-90.3518,76.08,75,75,7.99,EC,2022-04-26 19:00:59
17,Narsaq,60.9167,-46.05,39.88,74,98,1.99,GL,2022-04-26 19:03:23
18,Hobart,-42.8794,147.3294,50.05,94,100,6.91,AU,2022-04-26 19:02:33
19,Souillac,-20.5167,57.5167,75.27,83,25,11.88,MU,2022-04-26 19:03:23
20,Thompson,55.7435,-97.8558,35.15,56,5,6.46,CA,2022-04-26 19:00:01
21,Avarua,-21.2078,-159.775,78.85,94,40,2.3,CK,2022-04-26 19:02:08
22,Rikitea,-23.1203,-134.9692,78.24,75,100,22.26,PF,2022-04-26 19:00:42
23,Arraial Do Cabo,-22.9661,-42.0278,77.14,86,0,17.09,BR,2022-04-26 19:01:53
24,Lasa,46.6166,10.7002,44.69,94,75,5.48,IT,2022-04-26 19:02:12
25,Lincoln,40.8,-96.667,71.15,30,0,12.66,US,2022-04-26 19:02:36
26,Saint-Philippe,-21.3585,55.7679,73.22,82,37,11.36,RE,2022-04-26 19:03:25
27,Labuhan,-6.8844,112.2051,78.78,87,100,4.52,ID,2022-04-26 19:03:25
28,Port Hardy,50.6996,-127.4199,46.33,69,38,3.6,CA,2022-04-26 19:03:26
29,Namatanai,-3.6667,152.4333,80.11,81,14,7.78,PG,2022-04-26 19:00:38
30,Airai,-8.9266,125.4092,58.68,89,99,0.69,TL,2022-04-26 18:58:49
31,Oistins,13.0667,-59.5333,79.88,78,100,7.52,BB,2022-04-26 19:03:27
32,Port Alfred,-33.5906,26.891,58.17,90,1,3.0,ZA,2022-04-26 19:03:27
33,Ambilobe,-13.2,49.05,74.61,82,92,3.96,MG,2022-04-26 19:03:28
34,Kahului,20.8947,-156.47,75.97,89,97,8.01,US,2022-04-26 19:03:28
35,East London,-33.0153,27.9116,63.14,77,4,13.94,ZA,2022-04-26 19:03:28
36,Ilulissat,69.2167,-51.1,33.37,98,100,6.76,GL,2022-04-26 19:00:12
37,Bredasdorp,-34.5322,20.0403,56.77,73,0,1.81,ZA,2022-04-26 19:03:29
38,Dikson,73.5069,80.5464,3.85,98,97,9.08,RU,2022-04-26 19:03:30
39,Tezu,27.9167,96.1667,69.91,58,85,5.03,IN,2022-04-26 19:00:29
40,Yellowknife,62.456,-114.3525,41.56,56,40,11.5,CA,2022-04-26 18:59:54
41,Cape Town,-33.9258,18.4232,61.27,72,0,15.99,ZA,2022-04-26 19:02:28
42,Chokurdakh,70.6333,147.9167,2.44,99,100,6.13,RU,2022-04-26 19:03:30
43,Borovoy,55.4333,86.0833,43.88,39,0,6.71,RU,2022-04-26 19:03:31
44,Butaritari,3.0707,172.7902,80.94,83,33,18.72,KI,2022-04-26 19:03:31
45,Port Elizabeth,-33.918,25.5701,57.09,83,18,11.77,ZA,2022-04-26 19:03:32
46,Sitio Novo Do Tocantins,-5.5183,-47.4611,81.99,79,60,5.12,BR,2022-04-26 19:03:32
47,Himeji,34.8167,134.7,69.6,98,100,6.17,JP,2022-04-26 19:03:32
48,Tasiilaq,65.6145,-37.6368,33.96,89,85,3.0,GL,2022-04-26 19:03:33
49,Passo De Camaragibe,-9.2368,-35.4901,78.35,73,21,6.76,BR,2022-04-26 19:04:33
50,Nikolskoye,59.7035,30.7861,42.87,78,87,7.87,RU,2022-04-26 19:04:33
51,Ribeira Grande,38.5167,-28.7,63.0,88,40,14.97,PT,2022-04-26 19:00:34
52,Sao Joao Da Barra,-21.6403,-41.0511,86.09,78,5,9.78,BR,2022-04-26 18:59:45
53,Saint Anthony,45.0205,-93.218,41.25,51,75,11.5,US,2022-04-26 19:04:34
54,Barrow,71.2906,-156.7887,11.79,93,100,10.54,US,2022-04-26 19:00:03
55,Provideniya,64.3833,-173.3,27.72,84,52,8.41,RU,2022-04-26 19:04:35
56,Khatanga,71.9667,102.5,10.13,94,100,6.67,RU,2022-04-26 19:04:35
57,Qaanaaq,77.484,-69.3632,17.01,75,21,3.31,GL,2022-04-26 19:00:45
58,Beisfjord,68.3751,17.5988,28.04,96,100,5.86,NO,2022-04-26 19:04:13
59,Alta Floresta,-9.8756,-56.0861,85.66,62,11,6.38,BR,2022-04-26 19:04:36
60,Lorengau,-2.0226,147.2712,81.41,82,57,6.2,PG,2022-04-26 19:04:36
61,Tuatapere,-46.1333,167.6833,51.69,90,100,6.93,NZ,2022-04-26 19:04:37
62,La Seyne-Sur-Mer,43.0982,5.8847,63.91,79,14,3.0,FR,2022-04-26 19:02:29
63,Solwezi,-12.1688,26.3894,61.11,86,80,2.82,ZM,2022-04-26 19:04:37
64,Aklavik,68.2191,-135.0107,29.52,92,78,5.75,CA,2022-04-26 19:04:38
65,Nuqui,5.7125,-77.2708,83.17,73,100,8.05,CO,2022-04-26 19:04:38
66,Dunedin,-45.8742,170.5036,54.81,77,84,11.01,NZ,2022-04-26 19:02:33
67,Kangaatsiaq,68.3065,-53.4641,32.9,92,100,9.31,GL,2022-04-26 19:04:39
68,Kapaa,22.0752,-159.319,76.98,91,100,18.41,US,2022-04-26 19:04:39
69,Ahipara,-35.1667,173.1667,61.43,75,92,6.42,NZ,2022-04-26 19:04:39
70,Bathsheba,13.2167,-59.5167,81.09,75,100,5.35,BB,2022-04-26 19:04:40
71,Cidreira,-30.1811,-50.2056,73.38,82,17,12.44,BR,2022-04-26 19:00:55
72,Olonets,60.9847,32.9698,33.82,94,42,6.6,RU,2022-04-26 19:04:40
73,Mehamn,71.0357,27.8492,19.42,76,100,29.97,NO,2022-04-26 19:04:41
74,Leningradskiy,69.3833,178.4167,7.3,93,67,9.86,RU,2022-04-26 19:04:41
75,Kaitangata,-46.2817,169.8464,49.53,93,72,6.69,NZ,2022-04-26 19:04:42
76,Adrar,20.5022,-10.0711,79.47,22,0,10.4,MR,2022-04-26 19:04:42
77,Beringovskiy,63.05,179.3167,32.11,98,100,10.25,RU,2022-04-26 19:04:42
78,Cuitareo,19.6167,-100.6,69.6,39,72,5.73,MX,2022-04-26 19:04:43
79,Palmerston,-12.486,130.9833,80.58,89,40,2.3,AU,2022-04-26 19:04:43
80,Kitui,-1.367,38.0106,66.29,88,100,4.81,KE,2022-04-26 19:04:44
81,Qaqortoq,60.7167,-46.0333,39.27,76,99,2.06,GL,2022-04-26 19:00:30
82,Ushuaia,-54.8,-68.3,38.53,91,100,3.74,AR,2022-04-26 19:01:49
83,Spirit River,55.7833,-118.8361,49.21,45,100,3.96,CA,2022-04-26 19:04:44
84,Saskylakh,71.9167,114.0833,-3.46,98,98,3.33,RU,2022-04-26 19:04:45
85,Bonavista,48.6499,-53.1147,36.23,88,41,7.63,CA,2022-04-26 19:04:45
86,Chuy,-33.6971,-53.4616,72.14,79,81,10.07,UY,2022-04-26 19:04:45
87,Hithadhoo,-0.6,73.0833,84.92,73,100,7.83,MV,2022-04-26 19:04:46
88,Ayagoz,47.9714,80.4392,44.28,37,92,4.74,KZ,2022-04-26 19:04:46
89,Karatau,43.1667,70.4667,58.68,52,100,4.97,KZ,2022-04-26 19:04:47
90,Gasa,31.5,34.4667,65.82,73,100,8.99,PS,2022-04-26 19:01:37
91,Fare,-16.7,-151.0167,82.62,71,15,21.27,PF,2022-04-26 19:04:48
92,Camopi,3.1655,-52.3158,80.71,88,98,3.94,GF,2022-04-26 19:04:48
93,Hermanus,-34.4187,19.2345,50.81,75,0,8.32,ZA,2022-04-26 19:05:49
94,Yerbogachen,61.2767,108.0108,22.98,97,36,3.85,RU,2022-04-26 19:05:49
95,Clyde River,70.4692,-68.5914,16.03,92,100,29.93,CA,2022-04-26 19:05:49
96,Lavrentiya,65.5833,-171.0,21.06,88,97,3.36,RU,2022-04-26 19:05:50
97,Norman Wells,65.282,-126.8329,37.17,88,100,5.88,CA,2022-04-26 19:03:48
98,Anuchino,43.9622,133.0544,37.74,73,90,17.36,RU,2022-04-26 19:05:50
99,Senno,59.5336,33.9167,34.27,90,86,6.26,RU,2022-04-26 19:05:51
100,Torbay,47.6666,-52.7314,43.75,88,100,14.0,CA,2022-04-26 19:03:18
101,Victoria,22.2855,114.1577,80.96,88,0,5.99,HK,2022-04-26 19:05:51
102,Esperance,-33.8667,121.9,61.07,65,1,8.34,AU,2022-04-26 19:03:55
103,Hrubieszow,50.805,23.8925,46.49,88,99,4.97,PL,2022-04-26 19:05:52
104,Evensk,61.95,159.2333,26.33,89,100,6.51,RU,2022-04-26 19:05:52
105,Sitka,57.0531,-135.33,44.49,81,100,4.61,US,2022-04-26 19:05:53
106,Salalah,17.0151,54.0924,80.35,77,1,1.66,OM,2022-04-26 19:03:04
107,Bambous Virieux,-20.3428,57.7575,76.21,79,28,12.97,MU,2022-04-26 19:02:15
108,Kaeo,-35.1,173.7833,57.33,93,20,4.03,NZ,2022-04-26 19:05:54
109,Port Blair,11.6667,92.75,83.46,76,100,1.97,IN,2022-04-26 19:05:54
110,Winnemucca,40.973,-117.7357,66.25,20,0,12.66,US,2022-04-26 19:03:06
111,Ponta Do Sol,32.6667,-17.1,67.01,71,43,5.5,PT,2022-04-26 19:05:54
112,Odweyne,9.4092,45.064,78.93,55,85,8.12,SO,2022-04-26 19:05:55
113,Badou,7.5833,0.6,76.59,87,100,1.77,TG,2022-04-26 19:05:55
114,Otradnoye,59.7775,30.8181,42.85,78,89,7.85,RU,2022-04-26 19:05:56
115,Hasaki,35.7333,140.8333,73.8,88,100,34.05,JP,2022-04-26 19:05:56
116,Vung Tau,10.346,107.0843,82.78,78,100,6.53,VN,2022-04-26 19:05:56
117,Saint-Pierre,-21.3393,55.4781,73.29,76,0,6.91,RE,2022-04-26 19:05:57
118,Bluff,-46.6,168.3333,51.8,80,71,8.63,NZ,2022-04-26 19:02:10
119,Atuona,-9.8,-139.0333,78.93,75,24,23.82,PF,2022-04-26 19:05:58
120,Saint George,37.1041,-113.5841,83.79,8,0,5.75,US,2022-04-26 19:01:41
121,Mashhad,36.297,59.6062,69.94,49,75,4.61,IR,2022-04-26 19:02:04
122,Ancud,-41.8697,-73.8203,41.23,68,100,15.86,CL,2022-04-26 19:05:58
123,Mvuma,-19.2792,30.5283,60.33,92,62,9.64,ZW,2022-04-26 19:05:59
124,Lagoa,39.05,-27.9833,61.36,81,100,20.98,PT,2022-04-26 19:04:25
125,Necochea,-38.5473,-58.7368,69.69,77,100,17.83,AR,2022-04-26 19:05:59
126,Klaksvik,62.2266,-6.589,41.92,67,100,6.64,FO,2022-04-26 19:06:00
127,Coxim,-18.5067,-54.76,95.81,33,100,12.21,BR,2022-04-26 19:06:00
128,Te Anau,-45.4167,167.7167,44.73,90,42,0.16,NZ,2022-04-26 19:02:11
129,Sept-Iles,50.2001,-66.3821,37.06,94,100,4.0,CA,2022-04-26 19:03:04
130,Cockburn Town,21.4612,-71.1419,76.53,68,3,18.92,TC,2022-04-26 19:06:01
131,Umm Kaddadah,13.6017,26.6876,88.34,17,100,9.35,SD,2022-04-26 19:06:01
132,Sorong,-0.8833,131.25,78.71,84,100,3.53,ID,2022-04-26 19:06:02
133,Vaini,-21.2,-175.2,73.56,78,20,9.22,TO,2022-04-26 19:06:02
134,Rio Grande,-32.035,-52.0986,75.94,79,10,13.33,BR,2022-04-26 19:03:47
135,Bone,51.9669,12.1396,53.98,55,64,6.13,DE,2022-04-26 19:06:03
136,Upernavik,72.7868,-56.1549,30.2,71,97,5.99,GL,2022-04-26 19:06:04
137,Cherskiy,68.75,161.3,26.65,81,100,4.25,RU,2022-04-26 19:02:23
138,Poum,-20.2333,164.0167,75.78,63,100,14.34,NC,2022-04-26 19:07:05
139,Coahuayana,18.7333,-103.6833,89.78,39,0,8.5,MX,2022-04-26 19:07:05
140,Altamira,-3.2033,-52.2064,80.15,89,100,4.76,BR,2022-04-26 19:07:05
141,Veraval,20.9,70.3667,81.23,78,0,13.69,IN,2022-04-26 19:07:06
142,Carnarvon,-24.8667,113.6333,71.67,53,40,21.85,AU,2022-04-26 19:07:06
143,Awjilah,29.1081,21.2869,84.63,13,94,14.32,LY,2022-04-26 19:07:07
144,Yushu,44.8,126.5333,41.27,44,0,13.94,CN,2022-04-26 19:07:07
145,Amapa,1.0,-52.0,79.3,95,100,3.71,BR,2022-04-26 19:07:08
146,Lokosovo,61.1333,74.8167,27.32,97,36,3.96,RU,2022-04-26 19:07:08
147,Marsh Harbour,26.5412,-77.0636,75.67,66,0,11.25,BS,2022-04-26 19:07:09
148,Rawlins,41.7911,-107.2387,62.49,20,20,18.41,US,2022-04-26 19:03:13
149,Jawhar,2.7809,45.5005,81.59,69,100,7.78,SO,2022-04-26 19:07:10
150,Aykhal,66.0,111.5,9.32,99,77,4.03,RU,2022-04-26 19:07:10
151,Cabo San Lucas,22.8909,-109.9124,87.62,30,0,11.5,MX,2022-04-26 19:07:11
152,Ponta Delgada,37.7333,-25.6667,63.32,77,20,12.66,PT,2022-04-26 19:07:11
153,Toyo,10.7333,125.0167,78.1,93,100,5.21,PH,2022-04-26 19:07:12
154,Meadow Lake,34.8014,-106.5436,72.79,18,97,17.31,US,2022-04-26 19:02:29
155,Minnedosa,50.2453,-99.8436,24.62,85,88,9.55,CA,2022-04-26 19:07:13
156,Nemuro,43.3236,145.575,41.54,100,100,7.18,JP,2022-04-26 19:07:13
157,Ullapool,57.8987,-5.1604,48.34,64,39,7.67,GB,2022-04-26 19:07:14
158,Mitsamiouli,-11.3847,43.2844,81.25,78,12,5.1,KM,2022-04-26 19:03:06
159,Puerto Madero,14.7208,-92.4215,91.6,58,75,10.36,MX,2022-04-26 19:07:14
160,Miramar,25.9873,-80.2323,86.02,56,20,11.5,US,2022-04-26 19:07:10
161,Walker,30.7335,-95.5669,76.78,50,0,5.75,US,2022-04-26 19:07:15
162,Namibe,-15.1961,12.1522,71.91,74,3,5.08,AO,2022-04-26 19:07:16
163,Fairbanks,64.8378,-147.7164,44.02,57,98,0.96,US,2022-04-26 19:03:16
164,Barretos,-20.5572,-48.5678,89.62,33,78,2.73,BR,2022-04-26 19:07:17
165,Inhambane,-23.865,35.3833,73.44,71,74,14.34,MZ,2022-04-26 19:07:17
166,Vestmannaeyjar,63.4427,-20.2734,47.39,81,75,4.61,IS,2022-04-26 19:07:17
167,Sabha,27.0377,14.4283,87.96,7,100,11.86,LY,2022-04-26 19:07:18
168,Naze,28.3667,129.4833,73.94,85,100,15.1,JP,2022-04-26 19:07:18
169,Erzin,36.9559,36.2,64.76,52,0,1.92,TR,2022-04-26 19:07:19
170,Caravelas,-17.7125,-39.2481,81.19,64,0,6.13,BR,2022-04-26 19:07:19
171,Talara,-4.5772,-81.2719,81.36,54,0,17.27,PE,2022-04-26 19:07:19
172,Saldanha,-33.0117,17.9442,58.73,79,0,17.02,ZA,2022-04-26 19:03:57
173,Faya,18.3851,42.4509,55.92,38,3,3.89,SA,2022-04-26 19:05:25
174,Dubrovka,53.6907,33.5071,48.36,88,100,5.32,RU,2022-04-26 19:07:20
175,Soe,-9.8607,124.284,62.46,68,100,2.95,ID,2022-04-26 19:07:21
176,Chara,56.9064,118.2631,20.01,66,91,2.66,RU,2022-04-26 19:07:21
177,Goderich,43.7501,-81.7165,41.92,93,100,10.11,CA,2022-04-26 19:07:22
178,Nanortalik,60.1432,-45.2371,37.17,84,100,5.06,GL,2022-04-26 19:07:22
179,Sarhari,26.0977,68.4786,91.4,33,0,6.91,PK,2022-04-26 19:07:23
180,Portland,45.5234,-122.6762,54.77,74,75,14.0,US,2022-04-26 19:06:36
181,Chapais,49.7834,-74.8492,35.38,81,100,9.86,CA,2022-04-26 19:07:23
182,Grindavik,63.8424,-22.4338,45.07,76,75,4.61,IS,2022-04-26 19:07:24
183,Santa Cruz,-17.8,-63.1667,89.65,58,75,26.46,BO,2022-04-26 19:06:29
184,Puerto Escondido,15.85,-97.0667,86.83,66,20,8.05,MX,2022-04-26 19:08:25
185,Henties Bay,-22.116,14.2845,63.46,70,0,7.18,NA,2022-04-26 19:08:25
186,Rawson,-43.3002,-65.1023,63.43,28,100,21.81,AR,2022-04-26 19:08:26
187,Sisimiut,66.9395,-53.6735,33.76,93,100,16.06,GL,2022-04-26 19:08:26
188,Mweka,-4.85,21.5667,67.46,99,100,0.43,CD,2022-04-26 19:08:26
189,Bekhtery,46.251,32.2927,55.47,68,3,8.52,UA,2022-04-26 19:08:27
190,Pevek,69.7008,170.3133,23.22,72,100,8.05,RU,2022-04-26 19:08:27
191,Zhigansk,66.7697,123.3711,4.01,95,31,8.95,RU,2022-04-26 19:08:28
192,Lebu,-37.6167,-73.65,52.95,78,8,10.94,CL,2022-04-26 19:08:28
193,Los Llanos De Aridane,28.6585,-17.9182,62.35,78,40,17.27,ES,2022-04-26 19:08:29
194,Carballo,43.213,-8.691,58.77,85,5,0.72,ES,2022-04-26 19:08:29
195,Katsuura,35.1333,140.3,68.02,92,100,31.52,JP,2022-04-26 19:08:29
196,Nakusp,50.2499,-117.8023,48.4,93,100,1.99,CA,2022-04-26 19:08:30
197,Micheweni,-4.9667,39.8333,79.79,84,97,10.6,TZ,2022-04-26 19:08:30
198,Ostrovnoy,68.0531,39.5131,17.6,69,3,16.28,RU,2022-04-26 19:08:31
199,Nome,64.5011,-165.4064,37.17,92,0,0.0,US,2022-04-26 19:08:31
200,Gariaband,20.635,82.0614,82.18,17,4,3.8,IN,2022-04-26 19:08:31
201,Abha,18.2164,42.5053,55.65,67,0,0.0,SA,2022-04-26 19:08:32
202,Korla,41.7597,86.1469,59.76,28,0,6.89,CN,2022-04-26 19:08:32
203,Richards Bay,-28.783,32.0377,66.24,76,99,7.18,ZA,2022-04-26 19:08:33
204,Certegui,5.3707,-76.6044,83.57,84,100,3.56,CO,2022-04-26 19:08:33
205,Launceston,-41.45,147.1667,51.15,90,100,5.75,AU,2022-04-26 19:03:51
206,Arlit,18.7369,7.3853,87.35,10,0,10.42,NE,2022-04-26 19:08:33
207,Yar-Sale,66.8333,70.8333,30.13,95,100,18.39,RU,2022-04-26 19:08:34
208,Porto Velho,-8.7619,-63.9039,93.25,46,40,5.75,BR,2022-04-26 19:08:24
209,Barentu,15.1139,37.5928,87.96,14,100,8.14,ER,2022-04-26 19:08:35
210,Ternate,0.8,127.4,80.87,80,100,4.65,ID,2022-04-26 19:08:35
211,Banjarmasin,-3.3244,114.591,75.34,95,100,1.5,ID,2022-04-26 19:08:37
212,Pitea,65.3172,21.4794,32.09,69,100,8.34,SE,2022-04-26 19:08:37
213,Altay,47.8667,88.1167,37.78,81,43,3.78,CN,2022-04-26 19:05:12
214,Uray,60.1247,64.7758,49.19,80,100,13.65,RU,2022-04-26 19:08:38
215,Sao Filipe,14.8961,-24.4956,75.81,69,20,14.14,CV,2022-04-26 19:08:39
216,Puerto Carreno,6.189,-67.4859,82.49,75,100,1.39,CO,2022-04-26 19:08:39
217,Longyearbyen,78.2186,15.6401,1.24,71,75,17.27,SJ,2022-04-26 19:08:40
218,Monte Santo,-10.4378,-39.3328,81.21,55,90,11.25,BR,2022-04-26 19:08:40
219,Siavonga,-16.5382,28.7088,79.0,64,98,2.15,ZM,2022-04-26 19:08:41
220,Tateyama,34.9833,139.8667,69.1,88,75,18.41,JP,2022-04-26 19:08:42
221,Eucaliptus,-17.5833,-67.5167,62.92,12,12,3.89,BO,2022-04-26 19:08:42
222,Svetlaya,46.5389,138.3297,34.59,99,100,1.95,RU,2022-04-26 19:08:43
223,Khani,41.9563,42.9566,47.77,88,92,1.77,GE,2022-04-26 19:08:43
224,High Level,58.5169,-117.136,47.41,84,96,4.76,CA,2022-04-26 19:08:44
225,Riviere-Au-Renard,48.9957,-64.3971,46.69,96,100,8.12,CA,2022-04-26 19:08:44
226,Miles City,46.4083,-105.8406,59.97,44,0,13.8,US,2022-04-26 19:08:45
227,Flinders,-34.5833,150.8552,62.19,93,100,5.99,AU,2022-04-26 19:08:45
228,Agua Verde,22.9,-106.05,82.49,55,9,8.68,MX,2022-04-26 19:08:46
229,Hami,42.8,93.45,55.56,54,100,7.74,CN,2022-04-26 19:06:35
230,Uyskoye,54.3775,60.0047,55.06,66,100,6.04,RU,2022-04-26 19:09:46
231,Mittagong,-34.45,150.45,55.0,99,100,1.95,AU,2022-04-26 19:09:47
232,Port Lincoln,-34.7333,135.8667,61.34,88,0,4.52,AU,2022-04-26 19:09:00
233,Nioro,13.35,-15.75,99.18,14,29,8.05,GM,2022-04-26 19:09:47
234,Bacabac,15.7333,120.4167,78.33,81,22,5.19,PH,2022-04-26 19:09:48
235,Jorpeland,59.0225,6.0408,48.02,75,19,1.45,NO,2022-04-26 19:09:48
236,Mahebourg,-20.4081,57.7,76.24,80,22,13.24,MU,2022-04-26 19:09:49
237,Fort Walton Beach,30.4058,-86.6188,84.85,74,0,13.8,US,2022-04-26 19:09:49
238,Vanimo,-2.6741,141.3028,78.15,89,100,6.11,PG,2022-04-26 19:09:49
239,Las Tunas,20.9617,-76.9511,87.62,39,9,16.71,CU,2022-04-26 19:09:50
240,Liberty,31.8335,-81.5004,89.71,42,40,8.05,US,2022-04-26 19:09:50
241,Shymkent,42.3,69.6,61.39,67,40,4.47,KZ,2022-04-26 19:09:51
242,Latung,5.5,120.8833,80.31,86,100,9.4,PH,2022-04-26 19:09:51
243,Angoram,-4.0625,144.0661,72.86,96,54,1.16,PG,2022-04-26 19:09:52
244,Samarinda,-0.5,117.15,72.66,98,92,1.36,ID,2022-04-26 19:09:52
245,Nouakchott,18.0858,-15.9785,71.53,75,0,19.93,MR,2022-04-26 19:06:42
246,Siuna,13.7332,-84.7773,81.73,76,100,4.34,NI,2022-04-26 19:09:53
247,Kodiak,57.79,-152.4072,45.91,53,100,12.66,US,2022-04-26 19:09:53
248,Bethel,41.3712,-73.414,56.62,91,100,0.0,US,2022-04-26 19:09:53
249,La Ronge,55.1001,-105.2842,38.12,63,0,13.24,CA,2022-04-26 19:09:54
250,Shenkursk,62.1091,42.896,34.75,96,87,5.28,RU,2022-04-26 19:09:54
251,Havre-Saint-Pierre,50.2334,-63.5986,39.56,93,100,4.61,CA,2022-04-26 19:09:54
252,Alofi,-19.0595,-169.9187,74.5,89,100,12.19,NU,2022-04-26 19:09:55
253,Belmonte,-15.8631,-38.8828,80.92,70,35,9.06,BR,2022-04-26 19:09:55
254,San Cristobal,7.7669,-72.225,80.78,56,98,2.59,VE,2022-04-26 19:09:56
255,Karratha,-20.7377,116.8463,79.93,57,100,11.95,AU,2022-04-26 19:09:56
256,Bah,26.87,78.5975,90.27,11,0,7.18,IN,2022-04-26 19:07:14
257,Kano,12.0001,8.5167,94.17,15,22,7.47,NG,2022-04-26 19:09:57
258,Baruun-Urt,46.6806,113.2792,32.65,20,100,5.12,MN,2022-04-26 19:09:57
259,Arsk,56.0915,49.8778,54.95,90,100,14.0,RU,2022-04-26 19:09:57
260,Constitucion,-35.3333,-72.4167,52.95,87,100,5.44,CL,2022-04-26 19:09:58
261,Mahanoro,-19.9,48.8,73.33,89,10,6.44,MG,2022-04-26 19:09:58
262,Krasnyy Chikoy,50.3643,108.7512,25.7,46,100,3.56,RU,2022-04-26 19:09:58
263,Maralal,1.0968,36.698,60.94,89,100,6.04,KE,2022-04-26 19:09:59
264,Severo-Kurilsk,50.6789,156.125,29.37,84,61,10.04,RU,2022-04-26 19:08:58
265,Monchegorsk,67.9397,32.8739,17.69,72,100,11.16,RU,2022-04-26 19:09:59
266,Kagadi,0.9606,30.7967,63.5,98,50,2.19,UG,2022-04-26 19:10:00
267,Khomutovo,52.4658,104.4025,27.21,49,61,3.13,RU,2022-04-26 19:10:00
268,Suhbaatar,50.2314,106.2078,31.71,35,99,1.3,MN,2022-04-26 19:10:01
269,Longfeng,46.55,125.1167,38.7,49,2,9.98,CN,2022-04-26 19:10:01
270,Mitoc,48.1,27.0333,54.7,68,80,5.99,RO,2022-04-26 19:10:02
271,Krasnoselkup,65.7,82.4667,14.65,90,87,8.99,RU,2022-04-26 19:07:55
272,Vytegra,61.0064,36.4481,35.96,97,99,5.55,RU,2022-04-26 19:10:03
273,Malatya,38.5,38.0,60.85,39,75,4.61,TR,2022-04-26 19:10:04
274,Raudeberg,61.9875,5.1352,41.67,68,100,25.81,NO,2022-04-26 19:10:05
275,Nabire,-3.3667,135.4833,77.22,89,100,3.76,ID,2022-04-26 19:10:06
276,Novoorsk,51.381,58.9813,55.42,48,13,4.9,RU,2022-04-26 19:10:07
277,Ulaanbaatar,47.9077,106.8832,14.13,57,0,2.24,MN,2022-04-26 19:08:02
278,Nankana Sahib,31.4475,73.6972,85.14,16,0,3.96,PK,2022-04-26 19:08:22
279,Waddan,29.1614,16.139,82.96,12,46,17.09,LY,2022-04-26 19:11:08
280,Sakaiminato,35.55,133.2333,63.99,97,100,10.2,JP,2022-04-26 19:11:08
281,Envira,-7.3,-70.2167,86.88,61,100,1.63,BR,2022-04-26 19:11:09
282,Svetlogorsk,52.6333,29.7333,47.93,81,100,5.86,BY,2022-04-26 19:11:09
283,Tadpatri,14.9167,78.0167,89.65,44,41,9.31,IN,2022-04-26 19:11:10
284,Yamada,39.4667,141.95,63.32,89,100,17.9,JP,2022-04-26 19:11:10
285,Cap Malheureux,-19.9842,57.6142,76.46,76,7,4.0,MU,2022-04-26 19:11:11
286,Burnie,-41.0667,145.9167,56.03,85,100,10.63,AU,2022-04-26 19:11:11
287,Seoul,37.5683,126.9778,60.19,30,0,9.22,KR,2022-04-26 19:10:09
288,Brokopondo,4.75,-55.1667,84.96,68,42,7.0,SR,2022-04-26 19:11:12
289,Surgut,61.25,73.4167,33.98,64,0,8.95,RU,2022-04-26 19:08:12
290,Opotiki,-38.0833,177.2833,50.38,91,18,5.23,NZ,2022-04-26 19:11:13
291,Barrhead,55.7992,-4.3929,52.05,66,100,12.66,GB,2022-04-26 19:11:14
292,Hamilton,39.1834,-84.5333,55.98,54,40,9.22,US,2022-04-26 19:08:03
293,Kavieng,-2.5744,150.7967,83.12,76,5,13.2,PG,2022-04-26 19:09:38
294,Fort Nelson,58.8053,-122.7002,35.6,100,100,4.54,CA,2022-04-26 19:11:15
295,Taywarah,33.35,64.4167,57.54,34,100,4.18,AF,2022-04-26 19:11:16
296,Bahce,37.1972,36.5766,62.37,56,8,3.31,TR,2022-04-26 19:11:16
297,Akyab,20.15,92.9,81.59,83,1,6.51,MM,2022-04-26 19:11:17
298,Xai-Xai,-25.0519,33.6442,72.48,69,55,13.22,MZ,2022-04-26 19:11:17
299,Kotelnich,58.3089,48.348,50.13,95,100,1.3,RU,2022-04-26 19:11:12
300,Dwarka,22.2394,68.9678,81.64,80,0,10.45,IN,2022-04-26 19:08:42
301,Katobu,-4.9408,122.5276,74.8,95,98,1.66,ID,2022-04-26 19:11:18
302,Uige,-7.6087,15.0613,68.74,92,100,3.11,AO,2022-04-26 19:11:19
303,Hofn,64.2539,-15.2082,45.95,80,17,12.41,IS,2022-04-26 19:11:19
304,Keti Bandar,24.1447,67.4497,81.82,78,0,12.68,PK,2022-04-26 19:11:20
305,Salacgriva,57.7536,24.3581,37.78,75,7,13.13,LV,2022-04-26 19:11:20
306,Samarai,-10.6167,150.6667,80.91,78,100,5.32,PG,2022-04-26 19:11:21
307,Rafraf,37.1904,10.1837,66.51,62,0,11.95,TN,2022-04-26 19:11:21
308,Zabid,14.1951,43.3152,89.02,46,93,4.29,YE,2022-04-26 19:11:21
309,Sawtell,-30.3833,153.1,63.19,88,100,1.14,AU,2022-04-26 19:11:22
310,Minbu,20.1833,94.8833,86.23,62,0,5.86,MM,2022-04-26 19:11:22
311,Hvittingfoss,59.4833,10.0167,47.86,52,100,4.12,NO,2022-04-26 19:11:23
312,Les Cayes,18.2,-73.75,80.76,71,54,7.63,HT,2022-04-26 19:11:23
313,Erdenet,49.0333,104.0833,31.57,27,100,2.73,MN,2022-04-26 19:11:24
314,Bengkulu,-3.8004,102.2655,77.99,88,59,4.23,ID,2022-04-26 19:11:24
315,Wajima,37.4,136.9,58.19,98,100,13.98,JP,2022-04-26 19:11:25
316,Kirakira,-10.4544,161.9205,79.63,81,86,3.91,SB,2022-04-26 19:11:25
317,Sijunjung,-0.6876,100.9537,73.18,97,95,1.95,ID,2022-04-26 19:11:25
318,Dodge City,37.7528,-100.0171,70.7,25,0,24.16,US,2022-04-26 19:06:36
319,Ratnagiri,16.9833,73.3,83.17,72,4,5.86,IN,2022-04-26 19:07:23
320,Harnosand,62.6323,17.9379,37.42,56,29,8.77,SE,2022-04-26 19:11:26
321,Alugan,12.2188,125.4808,81.14,86,100,11.43,PH,2022-04-26 19:11:27
322,Matagami,49.7502,-77.6328,23.11,74,100,10.36,CA,2022-04-26 19:11:27
323,Mayumba,-3.432,10.6554,78.21,90,100,5.61,GA,2022-04-26 19:11:28
324,Alto Araguaia,-17.3147,-53.2153,80.69,59,98,3.11,BR,2022-04-26 19:11:28
325,Vallenar,-28.5708,-70.7581,74.75,34,0,10.49,CL,2022-04-26 19:12:29
326,Irgakly,44.3611,44.7556,58.82,59,68,6.33,RU,2022-04-26 19:12:29
327,Khuzhir,53.1939,107.3397,25.57,64,76,4.29,RU,2022-04-26 19:12:30
328,Luderitz,-26.6481,15.1594,66.63,45,0,10.47,NA,2022-04-26 19:12:30
329,Emerald,-23.5333,148.1667,65.34,91,62,7.18,AU,2022-04-26 19:08:19
330,Georgetown,5.4112,100.3354,82.33,89,20,8.05,MY,2022-04-26 19:08:42
331,Abbeville,50.1,1.8333,51.76,72,9,9.55,FR,2022-04-26 19:12:31
332,Coquimbo,-29.9533,-71.3436,65.93,68,20,9.22,CL,2022-04-26 19:12:32
333,Kruisfontein,-34.0033,24.7314,54.88,92,0,7.29,ZA,2022-04-26 19:12:33
334,Male,4.1748,73.5089,84.79,69,59,3.76,MV,2022-04-26 19:12:33
335,Morshansk,53.4435,41.8107,58.37,79,100,6.87,RU,2022-04-26 19:12:33
336,Sambava,-14.2667,50.1667,74.7,83,83,7.38,MG,2022-04-26 19:12:34
337,Guerrero Negro,27.9769,-114.0611,76.93,36,7,12.39,MX,2022-04-26 19:11:11
338,Shintomi,32.0785,131.4723,70.72,91,100,10.02,JP,2022-04-26 19:12:34
339,Panama City,8.9936,-79.5197,89.55,71,40,11.5,PA,2022-04-26 19:12:35
340,Tashla,51.7716,52.7427,58.01,63,100,10.11,RU,2022-04-26 19:12:35
341,Licheng,23.2955,113.8284,77.22,85,8,4.45,CN,2022-04-26 19:12:36
342,Verkhnyaya Toyma,62.2349,44.9985,33.67,99,91,2.55,RU,2022-04-26 19:12:36
343,Tonder,54.9331,8.8667,49.95,75,6,6.82,DK,2022-04-26 19:12:36
344,Tiksi,71.6872,128.8694,-6.27,100,59,3.96,RU,2022-04-26 19:10:26
345,San Patricio,28.017,-97.5169,75.29,59,100,11.43,US,2022-04-26 19:12:37
346,Teknaf,20.8624,92.3058,77.7,93,27,1.48,BD,2022-04-26 19:12:37
347,Agadez,19.75,10.25,88.63,9,0,13.35,NE,2022-04-26 19:12:38
348,Tucumcari,35.1717,-103.725,69.64,16,0,16.11,US,2022-04-26 19:12:38
349,Makakilo City,21.3469,-158.0858,77.32,73,75,13.8,US,2022-04-26 19:10:55
350,Quatre Cocos,-20.2078,57.7625,76.08,80,32,12.15,MU,2022-04-26 19:11:40
351,Dingle,10.9995,122.6711,77.65,89,100,6.46,PH,2022-04-26 19:12:39
352,Yakeshi,49.2833,120.7333,29.86,74,8,9.75,CN,2022-04-26 19:12:39
353,Tamandare,-8.7597,-35.1047,81.01,69,25,10.65,BR,2022-04-26 19:12:40
354,Nikitinskiy,54.5845,86.0115,43.47,57,100,4.41,RU,2022-04-26 19:12:40
355,Severo-Yeniseyskiy,60.3725,93.0408,8.1,97,32,2.51,RU,2022-04-26 19:12:40
356,Turukhansk,65.8167,87.9833,11.35,95,23,3.85,RU,2022-04-26 19:12:41
357,Pochutla,15.7432,-96.4661,86.83,46,36,10.54,MX,2022-04-26 19:12:41
358,Asfi,32.2994,-9.2372,63.28,72,1,15.43,MA,2022-04-26 19:11:38
359,Batticaloa,7.7102,81.6924,81.7,74,100,5.55,LK,2022-04-26 19:12:42
360,Fuxin,42.0156,121.6589,45.82,38,33,3.89,CN,2022-04-26 19:12:42
361,Gusau,12.1628,6.6614,94.77,10,33,5.01,NG,2022-04-26 19:12:43
362,Nardaran,40.5561,50.0056,58.64,63,0,0.0,AZ,2022-04-26 19:12:43
363,Husavik,66.0449,-17.3389,39.49,94,100,0.72,IS,2022-04-26 19:12:43
364,At-Bashi,41.1702,75.8106,48.6,50,100,4.5,KG,2022-04-26 19:12:45
365,San Ramon,37.7799,-121.978,69.93,58,0,12.66,US,2022-04-26 19:10:47
366,Colombo,6.9319,79.8478,80.55,81,100,4.7,LK,2022-04-26 19:08:15
367,Juneau,58.3019,-134.4197,44.83,96,100,9.22,US,2022-04-26 19:10:09
368,Qui Nhon,13.7667,109.2333,78.04,91,100,3.13,VN,2022-04-26 19:13:46
369,Liuzhou,24.3126,109.3892,76.59,90,5,2.15,CN,2022-04-26 19:13:46
370,Eirunepe,-6.6603,-69.8736,82.58,86,92,1.92,BR,2022-04-26 19:13:47
371,Kochinda,21.7333,84.35,79.97,29,2,4.65,IN,2022-04-26 19:13:47
372,Nizhniy Tsasuchey,50.5167,115.1333,30.63,40,21,7.61,RU,2022-04-26 19:13:47
373,Xining,36.6167,101.7667,54.03,46,23,5.26,CN,2022-04-26 19:13:48
374,Faanui,-16.4833,-151.75,82.54,73,23,20.71,PF,2022-04-26 19:13:48
375,Villa Guerrero,18.8667,-99.65,77.27,37,32,4.27,MX,2022-04-26 19:13:49
376,Shaunavon,49.6501,-108.4181,59.27,37,17,21.14,CA,2022-04-26 19:13:49
377,San Lazaro,18.0387,-88.6622,88.32,52,87,10.36,BZ,2022-04-26 19:13:49
378,The Valley,18.217,-63.0578,82.26,61,20,11.5,AI,2022-04-26 19:13:50
379,Dumas,35.8656,-101.9732,68.14,17,0,14.97,US,2022-04-26 19:13:50
380,Fort Dodge,42.4975,-94.168,53.82,43,0,6.91,US,2022-04-26 19:13:51
381,Olafsvik,64.8945,-23.7142,42.93,75,100,5.86,IS,2022-04-26 19:13:51
382,Bacolod,10.6667,122.95,79.72,81,100,7.83,PH,2022-04-26 19:12:35
383,Veseloyarsk,51.2836,81.1056,46.65,42,7,9.31,RU,2022-04-26 19:13:52
384,Valdemarpils,57.3707,22.5919,35.76,82,18,7.07,LV,2022-04-26 19:13:52
385,Pangai,-19.8,-174.35,78.1,71,93,13.53,TO,2022-04-26 19:11:05
386,Tarrafal,15.2833,-23.7667,74.19,78,100,18.52,CV,2022-04-26 19:13:53
387,Kavaratti,10.5669,72.642,85.28,73,48,6.35,IN,2022-04-26 19:11:33
388,Chai Nat,15.1167,100.1,85.05,80,9,11.74,TH,2022-04-26 19:13:53
389,Omsukchan,62.5333,155.8,14.58,95,100,3.85,RU,2022-04-26 19:13:54
390,Kolodeznyy,51.3333,39.1833,58.21,76,7,7.65,RU,2022-04-26 19:13:54
391,Banapur,19.7833,85.1833,81.99,81,0,8.43,IN,2022-04-26 19:13:55
392,Derzhavinsk,51.1,66.3167,54.84,51,9,5.32,KZ,2022-04-26 19:13:55
393,Mount Gambier,-37.8333,140.7667,59.76,76,100,6.26,AU,2022-04-26 19:13:55
394,Srednekolymsk,67.45,153.6833,16.09,95,100,13.06,RU,2022-04-26 19:13:56
395,Touros,-5.1989,-35.4608,83.21,71,13,14.94,BR,2022-04-26 19:13:56
396,Ambulu,-8.345,113.6058,75.45,89,100,2.48,ID,2022-04-26 19:13:57
397,Tshikapa,-6.4167,20.8,71.62,96,100,0.96,CD,2022-04-26 19:13:57
398,Mackay,-21.15,149.2,72.68,84,14,14.03,AU,2022-04-26 19:13:57
399,Bereda,43.2686,-7.5406,54.57,98,100,2.3,ES,2022-04-26 19:13:58
400,Victor Harbor,-35.5667,138.6167,59.68,91,100,10.02,AU,2022-04-26 19:13:58
401,Lukovetskiy,64.2956,41.9211,32.97,96,100,8.32,RU,2022-04-26 19:13:59
402,Luau,-10.7073,22.2247,70.52,75,97,0.09,AO,2022-04-26 19:13:59
403,Agirish,61.9247,63.0231,46.72,96,100,10.02,RU,2022-04-26 19:13:59
404,Muravlenko,63.7898,74.523,24.17,93,100,12.77,RU,2022-04-26 19:14:00
405,Oussouye,12.485,-16.5469,82.33,47,48,16.87,SN,2022-04-26 19:14:00
406,Mecca,21.4267,39.8261,86.49,37,0,4.36,SA,2022-04-26 19:14:01
407,Arauco,-37.2463,-73.3175,54.27,75,63,8.05,CL,2022-04-26 19:14:01
408,Dwarahat,29.7833,79.4333,62.46,28,0,4.7,IN,2022-04-26 19:11:19
409,Abramovka,51.1886,41.0202,58.6,72,24,7.34,RU,2022-04-26 19:14:02
410,Broome,42.2506,-75.833,57.7,80,100,9.22,US,2022-04-26 19:12:55
411,Kloulklubed,7.0419,134.2556,77.25,90,100,11.03,PW,2022-04-26 19:14:03
412,Los Algarrobos,8.5,-82.4333,88.21,58,20,8.05,PA,2022-04-26 19:15:03
413,Salinas,36.6777,-121.6555,68.99,63,0,16.11,US,2022-04-26 19:12:03
414,Asheboro,35.7079,-79.8136,77.9,83,100,0.0,US,2022-04-26 19:15:04
415,Zyryanka,65.75,150.85,16.29,94,100,17.16,RU,2022-04-26 19:15:04
416,Anzio,41.4853,12.6179,62.01,75,0,5.95,IT,2022-04-26 19:15:05
417,General Pico,-35.6566,-63.7568,85.91,35,7,11.48,AR,2022-04-26 19:15:05
418,Camana,-16.6228,-72.7111,71.89,75,100,10.0,PE,2022-04-26 19:15:06
419,Mayo,38.8876,-76.5119,69.91,77,100,4.61,US,2022-04-26 19:15:06
420,Avera,33.194,-82.5271,80.65,54,77,11.3,US,2022-04-26 19:15:07
421,Oranjemund,-28.55,16.4333,57.34,77,0,10.56,NA,2022-04-26 19:15:08
422,Kajaani,64.2273,27.7285,32.05,55,0,6.91,FI,2022-04-26 19:15:08
423,Guarapari,-20.6667,-40.4975,80.89,76,31,7.25,BR,2022-04-26 19:15:09
424,Borogontsy,62.6683,131.1683,8.96,99,78,2.89,RU,2022-04-26 19:15:09
425,Sola,-13.8833,167.55,81.21,74,100,18.92,VU,2022-04-26 19:15:10
426,Anadyr,64.75,177.4833,30.0,92,100,28.99,RU,2022-04-26 19:15:10
427,Singaparna,-7.3515,108.111,72.79,96,100,2.8,ID,2022-04-26 19:15:11
428,La Ligua,-32.4524,-71.2311,66.76,56,100,21.72,CL,2022-04-26 19:15:11
429,Port Maria,18.3685,-76.8895,83.01,79,39,13.85,JM,2022-04-26 19:15:12
430,Shelton,41.3165,-73.0932,56.21,91,100,12.66,US,2022-04-26 19:15:12
431,Ruidoso,33.3317,-105.673,65.75,23,0,21.85,US,2022-04-26 19:15:13
432,Edd,13.9297,41.6925,86.63,68,99,15.17,ER,2022-04-26 19:15:13
433,Sakakah,29.9697,40.2064,78.42,26,17,7.92,SA,2022-04-26 19:15:14
434,Shimoda,34.6667,138.95,69.1,95,100,26.55,JP,2022-04-26 19:15:14
435,Kingisepp,59.3733,28.6134,34.02,85,30,4.29,RU,2022-04-26 19:15:15
436,Kjollefjord,70.9457,27.3465,21.25,74,100,30.11,NO,2022-04-26 19:15:15
437,Kasongo-Lunda,-6.4667,16.8167,71.74,96,100,0.31,CD,2022-04-26 19:15:16
438,Codrington,-38.2667,141.9667,59.74,78,100,8.55,AU,2022-04-26 19:14:13
439,Archidona,37.0965,-4.3887,55.4,57,100,3.31,ES,2022-04-26 19:15:17
440,Nelson Bay,-32.7167,152.15,64.99,97,96,10.27,AU,2022-04-26 19:13:32
441,Kutum,14.2,24.6667,81.52,18,95,3.8,SD,2022-04-26 19:15:17
442,Bergen,60.392,5.328,48.61,57,0,12.66,NO,2022-04-26 19:15:18
443,Sistranda,63.7256,8.834,37.36,62,100,10.51,NO,2022-04-26 19:15:18
444,Sao Jose Do Campestre,-6.3156,-35.7139,80.67,74,23,11.3,BR,2022-04-26 19:15:19
445,Oktyabrskiy,54.4815,53.471,59.95,63,25,14.85,RU,2022-04-26 19:15:19
446,Newport,51.5877,-2.9984,57.74,57,100,7.76,GB,2022-04-26 19:13:52
447,Waverly,42.7392,-84.6208,44.53,67,100,20.71,US,2022-04-26 19:15:23
448,Mazatlan,23.2167,-106.4167,82.36,77,20,5.75,MX,2022-04-26 19:10:39
449,Palana,59.1167,159.9667,25.21,97,100,7.65,RU,2022-04-26 19:12:14
450,Huarmey,-10.0681,-78.1522,73.63,75,31,12.41,PE,2022-04-26 19:12:58
451,Tres Passos,-27.4556,-53.9319,82.29,70,92,3.58,BR,2022-04-26 19:15:25
452,Ottawa,45.4112,-75.6981,57.97,61,100,3.0,CA,2022-04-26 19:14:08
453,Sibolga,1.7427,98.7792,78.03,83,100,3.51,ID,2022-04-26 19:15:26
454,Marzuq,14.4,46.4667,76.06,61,93,4.25,YE,2022-04-26 19:15:26
455,Black Forest,39.0131,-104.7008,64.02,28,40,17.27,US,2022-04-26 19:12:33
456,Lompoc,34.6391,-120.4579,76.69,63,0,24.0,US,2022-04-26 19:12:56
457,Qorveh,35.1664,47.8045,48.96,73,31,1.86,IR,2022-04-26 19:16:27
458,Ola,59.5833,151.2833,19.15,72,23,7.4,RU,2022-04-26 19:16:27
459,Dhidhdhoo,6.8833,73.1,84.83,71,100,1.12,MV,2022-04-26 19:16:28
460,Shagonar,51.5333,92.8,39.0,54,82,0.54,RU,2022-04-26 19:16:28
461,West Fargo,46.875,-96.9004,33.03,68,75,8.05,US,2022-04-26 19:15:55
462,Padang,-0.9492,100.3543,78.78,86,100,2.66,ID,2022-04-26 19:16:29
463,Coffs Harbour,-30.3,153.1333,64.13,88,100,1.14,AU,2022-04-26 19:16:29
464,Elko,41.0002,-115.5012,62.06,24,100,13.0,US,2022-04-26 19:15:23
465,Kandrian,-6.2167,149.55,77.54,89,32,2.06,PG,2022-04-26 19:16:30
466,Bela Vista,-22.1089,-56.5211,96.84,35,63,12.3,BR,2022-04-26 19:16:31
467,Karabulak,43.3036,44.8964,61.79,68,73,4.88,RU,2022-04-26 19:16:31
468,Mainit,9.535,125.5231,77.9,85,100,3.76,PH,2022-04-26 19:16:31
469,Wundanyi,-3.4019,38.364,64.29,86,99,4.12,KE,2022-04-26 19:16:32
470,Bama,11.5221,13.6856,91.96,32,91,11.88,NG,2022-04-26 19:16:32
471,Ormara,25.2088,64.6357,81.43,85,0,11.39,PK,2022-04-26 19:16:33
472,Nanchang,28.6833,115.8833,69.64,87,39,5.44,CN,2022-04-26 19:12:02
473,Itarema,-2.9248,-39.9167,80.24,86,41,12.97,BR,2022-04-26 19:15:42
474,San Pedro,14.35,121.0167,83.43,78,20,4.61,PH,2022-04-26 19:16:34
475,Isangel,-19.55,169.2667,75.31,57,100,12.28,VU,2022-04-26 19:16:34
476,Mutoko,-17.397,32.2268,65.19,72,65,5.08,ZW,2022-04-26 19:16:35
477,Takoradi,4.8845,-1.7554,81.3,84,65,9.37,GH,2022-04-26 19:16:35
478,Zambezi,-13.5432,23.1047,66.11,74,93,5.73,ZM,2022-04-26 19:16:36
479,Tyrma,50.0833,132.1667,29.14,98,100,4.0,RU,2022-04-26 19:15:03
480,Pangkalanbuun,-2.6833,111.6167,75.61,97,100,1.5,ID,2022-04-26 19:12:48
481,Hobyo,5.3505,48.5268,84.45,64,42,10.83,SO,2022-04-26 19:16:36
482,Kaputa,-8.4689,29.6619,71.62,85,100,1.16,ZM,2022-04-26 19:16:37
483,College,64.8569,-147.8028,44.92,61,75,8.05,US,2022-04-26 19:16:37
484,Colchester,51.8892,0.9042,50.76,78,75,5.14,GB,2022-04-26 19:16:37
485,Sainte-Rose,16.3324,-61.6979,84.24,54,75,9.22,GP,2022-04-26 19:16:38
486,Broken Hill,-31.95,141.4333,56.91,94,100,4.61,AU,2022-04-26 19:16:38
487,Shingu,33.7333,135.9833,69.42,94,100,9.13,JP,2022-04-26 19:16:39
488,Coihaique,-45.5752,-72.0662,41.61,75,100,9.22,CL,2022-04-26 19:14:59
489,Yangambi,0.8102,24.4336,71.02,91,59,4.25,CD,2022-04-26 19:16:39
490,Laguna,38.421,-121.4238,73.31,41,0,6.91,US,2022-04-26 19:16:39
491,Verkhoyansk,67.5447,133.385,-0.87,100,81,2.35,RU,2022-04-26 19:16:40
492,Kon Tum,14.35,108.0,69.71,95,100,0.98,VN,2022-04-26 19:12:42
493,Magangue,9.242,-74.7547,91.72,49,100,3.38,CO,2022-04-26 19:16:40
494,Ustka,54.5805,16.8619,42.91,80,13,3.02,PL,2022-04-26 19:16:41
495,San Pelayo,8.9583,-75.8363,87.44,65,100,3.56,CO,2022-04-26 19:16:41
496,Petropavlovsk-Kamchatskiy,53.0452,158.6483,32.59,64,0,2.24,RU,2022-04-26 19:16:42
497,Rockingham,42.9668,-71.0995,60.35,68,100,1.99,US,2022-04-26 19:16:42
498,Middleton,53.55,-2.2,52.84,70,36,9.04,GB,2022-04-26 19:16:42
499,Chikwawa,-16.0335,34.8009,72.39,90,69,4.9,MW,2022-04-26 19:16:43
500,Ganzhou,28.8184,115.4327,69.85,90,100,4.61,CN,2022-04-26 19:16:43
501,Diffa,13.3154,12.6113,95.27,13,47,2.75,NE,2022-04-26 19:16:43
502,Svarstad,59.399,9.9698,48.94,52,99,4.14,NO,2022-04-26 19:16:44
503,Vardo,70.3705,31.1107,17.58,86,75,32.21,NO,2022-04-26 19:17:44
504,Novoagansk,61.9449,76.6625,26.28,99,94,2.42,RU,2022-04-26 19:17:45
505,Taltal,-25.4,-70.4833,65.03,75,100,5.55,CL,2022-04-26 19:17:45
506,Save,8.0425,2.486,83.91,64,44,7.58,BJ,2022-04-26 19:17:45
507,Mamou,10.5,-12.0,87.37,18,24,3.0,GN,2022-04-26 19:17:46
508,Pyapon,16.2833,95.6833,82.26,75,100,10.2,MM,2022-04-26 19:17:46
509,Pangnirtung,66.1451,-65.7125,-2.2,71,0,2.3,CA,2022-04-26 19:17:47
510,Yinchuan,38.4681,106.2731,54.36,12,91,17.69,CN,2022-04-26 19:17:47
511,Road Town,18.4167,-64.6167,82.49,65,40,11.5,VG,2022-04-26 19:17:47
512,La Rioja,42.25,-2.5,55.18,72,100,3.33,ES,2022-04-26 19:17:48
513,Ayan,56.45,138.1667,25.3,82,100,5.3,RU,2022-04-26 19:17:48
514,Karasjok,69.4719,25.5112,14.16,82,77,11.39,NO,2022-04-26 19:17:19
515,Escanaba,45.7453,-87.0646,33.96,85,100,8.05,US,2022-04-26 19:17:49
516,Magdalena,14.1999,121.429,82.35,91,67,5.68,PH,2022-04-26 19:17:49
517,Tahe,52.3333,124.7333,26.85,61,0,4.74,CN,2022-04-26 19:17:49
518,Bilma,18.6853,12.9164,91.35,9,0,2.98,NE,2022-04-26 19:17:50
519,Viedma,-40.8135,-62.9967,68.4,27,100,15.26,AR,2022-04-26 19:17:50
520,Valparaiso,-33.0393,-71.6273,59.47,94,100,24.16,CL,2022-04-26 19:15:47
521,Grand Gaube,-20.0064,57.6608,76.37,76,9,4.0,MU,2022-04-26 19:17:51
522,Vila Velha,-20.3297,-40.2925,84.15,83,20,10.36,BR,2022-04-26 19:17:51
523,Shenzhen,22.5455,114.0683,80.85,96,2,4.85,CN,2022-04-26 19:13:45
524,Nikel,69.4128,30.222,17.78,66,69,21.25,RU,2022-04-26 19:17:52
525,Prokopyevsk,53.9059,86.719,40.77,44,100,3.74,RU,2022-04-26 19:17:52
526,Le Port,-20.9373,55.2919,75.16,71,6,4.38,RE,2022-04-26 19:17:53
527,Gat,31.61,34.7642,78.4,56,71,6.58,IL,2022-04-26 19:17:53
528,Iralaya,15.0,-83.2333,81.19,81,95,10.94,HN,2022-04-26 19:17:53
529,Marrakesh,31.6315,-8.0083,71.67,40,40,12.66,MA,2022-04-26 19:17:54
530,Tomatlan,19.9333,-105.25,91.4,39,0,12.35,MX,2022-04-26 19:17:54
531,Umm Lajj,25.0213,37.2685,79.3,57,100,7.43,SA,2022-04-26 19:17:54
532,Joaquim Nabuco,-8.6244,-35.5333,79.2,72,1,9.37,BR,2022-04-26 19:17:55
533,Nantucket,41.2835,-70.0995,53.74,81,100,10.36,US,2022-04-26 19:13:03
534,Tucurui,-3.7661,-49.6725,83.17,76,100,3.53,BR,2022-04-26 19:17:55
535,Pirna,50.9584,13.937,53.65,77,100,1.01,DE,2022-04-26 19:17:56
536,Komsomolskiy,40.4272,71.7189,68.72,56,75,9.22,UZ,2022-04-26 19:17:56
537,Rabaul,-4.1967,152.1721,79.77,80,19,2.98,PG,2022-04-26 19:17:56
538,Muroto,33.2833,134.15,67.33,99,100,2.82,JP,2022-04-26 19:17:57
539,Svetlyy,54.675,20.1347,42.85,74,20,4.36,RU,2022-04-26 19:17:57
540,Bharatpur,27.2167,77.4833,89.47,12,0,5.3,IN,2022-04-26 19:17:58
541,Tazovskiy,67.4667,78.7,20.41,96,100,11.16,RU,2022-04-26 19:17:58
542,Zhangjiakou,40.81,114.8794,45.64,26,98,1.39,CN,2022-04-26 19:17:37
543,Chardara,41.2547,67.9692,68.72,44,100,3.69,KZ,2022-04-26 19:17:59
544,Lethem,3.3803,-59.7968,90.86,50,97,4.52,GY,2022-04-26 19:17:59
545,Pisco,-13.7,-76.2167,71.65,68,0,16.11,PE,2022-04-26 19:17:59
546,Kieta,-6.2167,155.6333,78.89,82,58,0.49,PG,2022-04-26 19:18:00
547,Acajutla,13.5928,-89.8275,87.91,58,72,9.06,SV,2022-04-26 19:18:01
548,Novichikha,52.204,81.3877,46.67,46,100,4.38,RU,2022-04-26 19:18:02
549,Songjianghe,42.1859,127.479,29.77,68,2,3.02,CN,2022-04-26 19:18:02
550,Meihekou,42.5272,125.6753,38.07,43,12,6.22,CN,2022-04-26 19:18:03
551,Warmbad,-28.45,18.7333,65.08,19,0,12.19,NA,2022-04-26 19:18:03
552,Freeport,40.6576,-73.5832,62.58,76,100,10.36,US,2022-04-26 19:18:04
553,Lulea,65.5842,22.1547,32.07,47,0,6.91,SE,2022-04-26 19:19:04
554,Darfield,53.5339,-1.376,50.45,76,95,1.99,GB,2022-04-26 19:19:05
555,Monrovia,6.3005,-10.7969,83.97,84,100,9.06,LR,2022-04-26 19:19:05
556,Mildura,-34.2,142.15,60.76,94,100,5.75,AU,2022-04-26 19:19:06
557,Juegang,32.3174,121.1855,61.92,93,100,7.72,CN,2022-04-26 19:19:06
558,Terra Santa,-2.1042,-56.4869,84.25,77,100,3.13,BR,2022-04-26 19:19:07
559,Hof,50.3167,11.9167,47.5,91,75,4.61,DE,2022-04-26 19:19:07
560,Aloleng,16.1307,119.7824,83.16,73,47,7.72,PH,2022-04-26 19:19:08
561,Kuala Terengganu,5.3302,103.1408,78.75,89,20,2.3,MY,2022-04-26 19:19:08
562,Abu Dhabi,24.4667,54.3667,84.31,69,0,5.75,AE,2022-04-26 19:14:32
563,Champerico,14.3,-91.9167,93.74,58,28,12.1,GT,2022-04-26 19:19:09
564,Puerto Leguizamo,-0.1934,-74.7819,82.35,80,96,4.47,CO,2022-04-26 19:19:09
565,Srandakan,-7.9386,110.2506,77.77,88,72,4.03,ID,2022-04-26 19:19:10
566,Pahrump,36.2083,-115.9839,83.25,8,99,8.99,US,2022-04-26 19:19:10
567,Niamey,13.5137,2.1098,98.89,9,0,3.44,NE,2022-04-26 19:19:11
568,Santa Ines,-3.6667,-45.38,83.44,78,99,2.8,BR,2022-04-26 19:19:11
569,De-Kastri,51.4667,140.7833,30.33,98,100,9.1,RU,2022-04-26 19:19:11
570,Portobelo,9.55,-79.65,86.72,77,100,4.23,PA,2022-04-26 19:19:12
571,Marienburg,54.0359,19.0266,44.58,67,16,5.5,PL,2022-04-26 19:19:12
572,Bonthe,7.5264,-12.505,81.9,76,100,10.56,SL,2022-04-26 19:19:13
573,Solnechnyy,50.7214,136.6319,26.38,96,100,8.46,RU,2022-04-26 19:19:14
574,Kibara,-2.15,33.45,70.11,81,100,4.0,TZ,2022-04-26 19:19:14
575,Duldurga,50.6761,113.5931,25.25,47,16,3.87,RU,2022-04-26 19:19:15
576,Yulara,-25.2406,130.9889,57.04,51,100,4.61,AU,2022-04-26 19:19:15
577,Harper,4.375,-7.7169,80.28,84,100,6.24,LR,2022-04-26 19:19:15
578,Fortuna,40.5982,-124.1573,58.93,58,40,11.5,US,2022-04-26 19:19:16
579,Omboue,-1.5746,9.2618,78.62,89,100,5.61,GA,2022-04-26 19:19:16
580,Sydney Mines,46.2367,-60.2177,57.02,66,75,11.5,CA,2022-04-26 19:19:17
581,San Martin,-33.081,-68.4681,86.92,5,0,38.34,AR,2022-04-26 19:14:47
582,Collie,-33.3667,116.15,53.35,79,98,2.44,AU,2022-04-26 19:19:17
583,Adre,13.4667,22.2,87.49,28,100,7.4,TD,2022-04-26 19:19:18
584,Rio Gallegos,-51.6226,-69.2181,41.05,65,75,17.27,AR,2022-04-26 19:19:18
585,Marsa Matruh,31.3525,27.2453,66.38,56,94,5.32,EG,2022-04-26 19:19:19
586,Waipawa,-41.4122,175.5153,50.52,86,47,3.67,NZ,2022-04-26 19:19:19
